user_id,goal_name,target_amount,current_savings,deadline
1,Room set large relate,3932.02,2973.13,2026-11-04
2,Value pay,2682.71,840.84,2026-06-04
3,Black hair eight,1407.0,191.37,2026-06-04
4,He see,5264.98,5190.49,2027-03-08
5,Per common bit near,1628.19,426.78,2027-01-30
6,Until ok,7908.97,4562.01,2026-06-07
7,Oil still,3133.56,1766.05,2026-12-29
8,Treatment leader result,8531.11,5055.13,2026-08-15
9,Whether seven fine,7978.71,7363.66,2027-01-16
10,Direction nothing share,4854.4,4334.54,2027-02-27
11,Meeting such enjoy,8566.54,7091.71,2026-07-02
12,Practice between wind,6860.78,5459.08,2026-05-01
13,Character end position,7741.16,1927.53,2026-05-31
14,Hotel threat sister,2746.39,2744.4,2026-05-05
15,Enjoy special media,3786.35,3410.04,2026-12-03
16,Why purpose,5092.9,3003.11,2026-05-07
17,Very fish,3408.5,2384.03,2026-10-10
18,Election fear marriage,4119.87,4044.75,2026-05-06
19,Film,8921.29,1675.31,2027-01-30
20,Beyond compare clear,8037.81,6484.1,2026-05-22
21,From these stand,3964.19,2495.55,2026-09-03
22,Lawyer town,7832.47,2125.12,2027-01-12
23,Behavior energy discover,9588.35,3025.95,2026-05-02
24,Determine fund matter national,7194.8,2544.29,2026-12-19
25,History among eat,7661.1,3935.46,2026-09-10
26,Bit set mouth money,6181.8,1255.65,2027-01-13
27,Number key,7548.25,984.73,2026-04-05
28,Down man new,5861.86,2448.65,2026-04-01
29,These add,4969.64,1027.63,2026-12-23
30,Two perform debate,6973.64,5596.51,2026-09-23
31,Still bit quality,1636.28,978.54,2027-01-27
32,Run city,3707.21,1816.17,2026-11-14
33,Price,1389.84,671.43,2027-03-23
34,Open surface,1013.38,153.46,2026-11-09
35,Knowledge feeling serious beyond,5440.05,5147.78,2027-03-28
36,Option reveal,9015.08,6825.89,2026-08-03
37,Rather good child,3875.85,1291.73,2027-03-23
38,Boy beyond,9035.54,5386.93,2026-05-23
39,Great agreement push,9964.38,7544.64,2026-09-04
40,Want outside,5128.55,1907.52,2027-01-27
41,Economic federal war,1141.28,596.89,2026-05-14
42,Forward next trade,5281.35,3063.19,2026-11-12
43,Perform charge,5503.97,4124.51,2027-02-03
44,Its site,5694.09,342.6,2026-12-13
45,Pretty notice exist,4742.19,2961.99,2026-11-21
46,Series important,7231.02,2780.69,2027-01-05
47,Strategy management safe,3135.09,2867.12,2026-08-02
48,Young floor mouth,1763.48,913.86,2026-06-30
49,Remember position human hand,5828.64,382.66,2026-05-06
50,Those her,3816.52,2980.05,2026-04-23
51,Exactly,4659.8,1573.14,2027-01-06
52,Pull course,3813.41,2756.67,2027-02-26
53,Recognize support identify,3481.03,100.61,2026-11-27
54,Author dream,6119.07,146.9,2027-01-01
55,Paper year before,5822.96,2069.57,2026-09-22
56,South bar,5508.97,5318.87,2026-07-31
57,Fear throughout,5352.49,2152.61,2026-08-12
58,Hand always hair result,5648.44,3408.45,2026-04-02
59,Success protect another,1326.43,933.74,2026-11-30
60,Around together up,6128.1,4855.48,2026-05-10
61,Spring hope church,9104.52,6374.02,2026-05-30
62,Understand offer author,5627.44,2939.35,2026-09-16
63,Actually they past half,5555.78,1929.02,2026-12-10
64,Threat,9226.77,2987.55,2026-05-22
65,Democrat finally,9651.38,6434.7,2027-02-23
66,Source management,1471.6,458.65,2026-09-14
67,Easy such,2871.27,2405.01,2026-07-25
68,Week skin,7680.68,3291.96,2027-02-10
69,Knowledge require,2246.89,534.45,2027-01-13
70,Despite reason,4994.08,2423.96,2026-05-10
71,Sell,9388.14,596.84,2026-12-27
72,Window because,6109.92,4008.73,2026-08-16
73,We actually pay suggest,1740.2,181.99,2026-05-27
74,Development site,3854.09,328.41,2026-09-28
75,Bed recently,7151.66,2370.19,2026-05-23
76,When particular,2073.73,1972.29,2026-12-05
77,Thing cover,4701.34,4698.68,2026-06-16
78,Make agree scientist,1442.55,745.34,2026-05-17
79,Treat party quite,6989.73,6831.06,2026-08-23
80,Ability election,5074.91,3018.97,2026-12-23
81,Alone focus like,2105.49,1123.02,2026-05-31
82,At around politics partner,1231.37,988.01,2026-05-03
83,Wind base question,5004.49,2588.82,2027-03-01
84,Central policy,9601.31,8689.39,2026-12-24
85,Minute individual,8801.56,8320.08,2026-07-18
86,Often down just interview,3183.96,1513.8,2027-03-22
87,Whose plan,9459.19,2060.99,2026-12-22
88,Office knowledge north,4353.02,3128.29,2026-07-25
89,Tell office local,1438.1,1333.89,2027-02-21
90,World rate,3904.88,481.15,2026-05-02
91,New wide beat,6851.21,3425.09,2026-04-06
92,Mr east,7639.51,6574.39,2026-10-25
93,Resource wish,1899.9,1897.49,2026-06-08
94,Outside result,8344.68,6750.75,2026-11-08
95,Quality drug none,9787.29,7190.99,2027-03-02
96,Address own,1723.65,575.15,2026-05-29
97,Card,9307.29,7570.24,2026-05-05
98,Hand sign key,6178.16,5563.02,2026-10-20
99,Create special,6429.04,3128.55,2026-05-12
100,Every sit,5012.54,765.86,2026-09-12
101,Huge open physical,4675.23,3616.55,2026-08-09
102,Remain east,9557.43,310.67,2027-01-27
103,Quality certainly,6234.08,2711.71,2026-07-12
104,Sport sometimes,3341.95,1788.44,2026-08-25
105,Want as,8085.69,3559.67,2027-02-22
106,Up film ball happy,1420.43,975.53,2027-01-27
107,To and,1019.37,648.18,2026-11-30
108,Share summer peace,3458.67,2974.2,2027-01-17
109,Education significant account open,7035.58,1366.8,2026-08-04
110,Not fall prepare,2934.98,740.08,2027-01-23
111,Series morning,9470.8,7259.26,2027-02-25
112,Feeling meet health claim,4619.17,2714.97,2027-03-18
113,Take set,8735.25,8450.49,2026-05-14
114,Likely total,4212.64,4168.67,2026-05-18
115,Television hand describe,1316.32,1181.28,2026-05-30
116,That two,3506.09,1853.56,2027-01-11
117,Economic establish,9169.44,125.84,2026-06-02
118,Discussion purpose,3395.95,1676.88,2027-01-21
119,Democratic somebody some thank,2518.65,1650.54,2027-03-05
120,Between own field,6300.93,2843.85,2026-04-08
121,Lot itself,6886.79,1149.93,2027-03-13
122,Really deep determine,9315.56,5795.62,2026-07-25
123,Fire commercial,2508.78,171.14,2026-09-20
124,Third understand night,4327.44,3296.56,2026-06-18
125,Customer more,9171.16,8994.9,2026-05-12
126,Already news five,8763.72,6502.28,2026-09-07
127,Force near movie,6662.64,4378.15,2027-02-06
128,Every outside to,5040.24,2218.78,2026-07-07
129,And picture care,7055.15,5595.0,2026-11-16
130,Her a born,4669.39,2163.05,2027-02-02
131,Continue order,8995.73,785.91,2027-03-10
132,Trial black last,9331.94,6953.43,2026-06-15
133,Peace tonight never,5518.65,5350.77,2027-01-14
134,Purpose later,3444.1,123.18,2026-04-18
135,Kitchen turn,4040.85,2066.48,2026-12-14
136,Analysis before several environment,4111.24,3183.47,2026-10-31
137,At onto,7266.07,3386.4,2026-11-18
138,Pressure dark meet,4756.84,3015.23,2026-08-20
139,Compare however,8291.53,5552.52,2026-10-04
140,Social player account need,8600.12,5010.6,2026-05-27
141,Force party everyone,5119.51,2168.95,2026-11-21
142,Mention center campaign,5761.01,1705.16,2026-06-12
143,Natural note various,4473.25,2492.43,2026-09-26
144,Group bad,5675.31,240.05,2026-10-21
145,Development than,8864.28,7488.44,2026-07-23
146,Recent owner,8912.36,5546.14,2026-10-15
147,Raise,4099.01,3284.24,2027-01-06
148,Analysis guy child,7277.39,2632.93,2026-12-28
149,Building myself fire here,9177.48,2930.29,2026-11-08
150,True real ten,5371.71,3678.8,2026-07-21
151,Key hour new defense,4545.74,1550.13,2026-09-24
152,Collection democratic body,1089.14,325.96,2026-09-09
153,Pattern without,7491.12,2873.04,2027-03-05
154,Technology along level find,7560.65,5327.16,2026-07-29
155,Story author city,9373.77,937.03,2026-08-03
156,Both approach,4030.61,96.09,2027-02-26
157,Which official,9396.53,4170.08,2026-12-14
158,Word none debate,6426.08,2866.56,2027-02-01
159,Brother,4266.27,3464.25,2026-07-28
160,Free direction,6057.57,4556.78,2026-09-24
161,Floor peace conference,8487.94,7253.83,2026-04-27
162,Final,7180.73,128.8,2026-06-08
163,Lose worry purpose,4440.77,552.84,2026-06-12
164,Great budget,9746.8,4819.39,2026-05-03
165,Full drive,2933.52,58.27,2027-01-03
166,Tonight whose,9407.79,5864.59,2027-01-04
167,Head administration country,2671.03,1059.47,2026-12-20
168,Per bank,5732.91,5083.23,2026-10-14
169,Call green else,8059.6,6846.43,2026-12-10
170,Song special language,7264.19,4100.97,2027-03-17
171,Project hour,4165.2,3767.16,2026-10-24
172,Indicate,4273.0,2743.6,2026-10-02
173,Seat until task,1862.07,1442.8,2027-03-11
174,Into stand,5727.99,1767.7,2026-08-05
175,White assume,8079.01,3287.54,2027-01-20
176,Purpose,4281.61,2345.8,2026-12-01
177,And,5209.36,1668.76,2026-08-21
178,Statement wonder cultural,8543.72,4070.85,2026-08-03
179,Girl something well,3461.27,1099.56,2026-05-31
180,Yard eat,8521.49,6912.83,2026-05-04
181,Cut deep serious,7792.54,1934.36,2026-04-06
182,Across,7707.09,331.03,2027-01-19
183,Tell appear everyone,3386.51,79.1,2026-07-29
184,Chance,6751.55,5499.5,2026-06-13
185,Whom perform early,2871.21,2629.8,2027-03-11
186,Throw us,3331.72,883.13,2026-07-31
187,Scene believe,5964.32,4086.38,2027-02-09
188,Group agree simply,1105.86,312.09,2026-04-27
189,Shake,1010.74,428.69,2027-03-05
190,Ten plant step put,6216.73,6031.7,2026-04-21
191,Gas political network,2447.82,2304.28,2026-08-30
192,Hear try,7999.54,6651.94,2026-08-19
193,Particular,2479.08,950.13,2026-10-25
194,But claim lead,1579.17,686.56,2027-01-21
195,Land pull color,6729.4,2417.91,2026-09-02
196,Address room program,6044.56,312.43,2026-06-19
197,Society situation,3223.82,2017.51,2026-07-07
198,Since recently,9420.83,6199.55,2026-07-20
199,And to inside threat,4028.2,263.3,2026-12-05
200,Identify yeah base,1520.67,55.68,2026-07-27
201,First,8428.98,2145.63,2026-11-19
202,Republican loss natural,1460.93,1313.66,2026-04-02
203,Factor sport author yard,5233.68,5231.03,2026-08-24
204,Join,6697.6,1260.83,2026-09-20
205,Simply huge night,9115.99,7105.41,2026-05-08
206,Pull together,7643.5,1298.3,2026-06-14
207,Yes worker,6465.19,5418.39,2027-02-17
208,When live whose,8955.92,2497.95,2026-08-07
209,Painting deep exist,2331.21,740.71,2026-09-22
210,Against medical,4073.27,219.74,2026-07-31
211,Owner foot job,9756.73,4068.0,2026-06-11
212,Animal audience system,4499.75,2148.84,2026-10-30
213,Guess might unit,7537.96,6885.02,2027-02-16
214,Live argue,1760.85,854.43,2027-02-10
215,Stop however through remember,7643.11,3335.21,2026-05-24
216,Rest about,6051.97,1990.34,2027-03-06
217,Play help,1688.44,260.68,2026-06-14
218,Television paper,2896.59,799.68,2026-06-09
219,Attention leave national,7172.52,4786.45,2027-03-06
220,Reason pattern sense,8143.45,5080.84,2026-06-15
221,Report control go,6240.31,5128.7,2026-06-23
222,Group study his,3467.06,1965.05,2026-07-17
223,Lay wife perhaps,7165.95,704.51,2027-02-19
224,Just,6593.25,5524.57,2026-04-03
225,Director fund us,7529.29,7120.11,2027-02-26
226,Reason thought,1486.11,963.14,2027-02-06
227,Religious few today,8374.65,225.64,2026-05-15
228,Western laugh director,2076.05,1059.41,2027-01-23
229,Study onto between,5153.41,1818.63,2026-07-06
230,Approach admit,4670.31,680.36,2026-06-15
231,Ready outside,7474.98,4722.42,2027-03-08
232,Step plan three,8686.06,1177.37,2027-01-25
233,Skin off truth,7934.11,264.87,2026-04-22
234,Memory prevent serve,5843.11,3055.55,2027-03-03
235,It spring,5679.84,488.44,2027-02-17
236,Record voice,5530.15,3826.05,2026-12-15
237,Site law,7579.92,4981.16,2027-03-20
238,Draw lose site,1119.31,1036.93,2026-04-02
239,Expert his,1742.99,91.97,2026-07-01
240,Modern head,7131.75,1182.52,2026-04-25
241,Purpose better understand,6003.69,5387.77,2026-06-24
242,Far support recently,2189.7,1737.59,2027-01-02
243,Resource deal century however,1128.27,27.61,2026-09-12
244,Plan student worker,1765.01,1080.57,2026-07-08
245,Establish meeting,2064.9,1584.48,2027-03-12
246,Without put,5084.12,4331.6,2026-08-06
247,General,5841.94,2252.78,2026-07-08
248,Rule over,6825.35,1215.7,2027-01-26
249,Guy me brother operation,3076.68,1118.56,2027-03-29
250,Break this but cause,7691.55,2212.82,2026-10-03
251,Financial actually,3576.78,70.35,2026-06-04
252,Table own,3528.47,1691.82,2026-10-10
253,Save drive,6647.12,3318.15,2026-04-09
254,Nothing age,4949.78,1688.38,2026-11-16
255,Above risk matter,4179.04,2945.11,2026-07-18
256,Lawyer,4654.34,1063.56,2026-04-08
257,Government ready,1841.52,1214.56,2026-05-16
258,Deal husband others,8635.45,3822.39,2026-10-05
259,Table soldier,7030.05,6964.74,2026-06-29
260,Popular,3165.28,1577.29,2026-09-14
261,Himself,6664.14,6559.85,2026-11-17
262,Market dinner century,4686.53,2818.26,2026-07-29
263,Teach yet,1949.87,406.17,2027-02-05
264,Stay fast sense suffer,9342.69,1802.12,2026-09-29
265,Consider,4393.9,505.18,2026-08-28
266,Their myself,8447.58,5083.02,2027-02-12
267,Break,5682.9,2910.38,2026-09-09
268,Help public,4206.37,2539.01,2026-12-03
269,Event tend wall,7153.64,818.84,2027-01-07
270,Part safe adult who,5753.43,4361.19,2027-02-08
271,Theory policy,7421.45,7365.41,2027-01-24
272,Tonight quite material,5927.33,4246.11,2026-04-04
273,Media catch,3417.8,1014.72,2026-04-25
274,Section each fast,5585.49,2158.29,2026-10-01
275,Can town lose,2059.11,21.61,2026-07-27
276,Start,1345.64,454.5,2026-12-13
277,Social unit,1112.51,1051.51,2026-12-23
278,Live research,1108.69,946.57,2026-07-19
279,Court chair,3958.42,3164.98,2027-01-13
280,Wife customer,7308.18,5717.51,2026-10-16
281,Name effect other whatever,3173.06,2212.89,2026-08-27
282,Particularly much amount,5246.82,3916.19,2026-06-19
283,Personal establish,4461.23,1755.57,2027-02-06
284,Start paper,8940.16,754.18,2026-06-17
285,Finish teacher stage,4033.02,108.39,2026-12-23
286,Between care economy,4977.13,2248.33,2027-01-01
287,Group local modern,8252.86,3299.06,2026-06-15
288,Dream just several,3001.84,1624.27,2027-03-08
289,Simply,8006.8,2841.71,2026-12-26
290,Traditional meeting while,4014.43,1510.47,2026-11-26
291,Support,6103.26,235.37,2027-02-18
292,Seek worry,6459.07,3729.65,2026-08-19
293,Participant on decade,5644.16,3713.17,2027-01-15
294,Either agency value,6741.29,5173.01,2026-11-01
295,Two them great,9630.31,611.09,2026-07-26
296,Heavy account though watch,9534.55,1407.91,2026-10-15
297,Reason,7356.07,528.96,2026-05-14
298,Simply Democrat turn,7055.75,6613.93,2026-11-22
299,How can cold,8834.35,8742.08,2026-12-14
300,Above movie record,4113.71,785.11,2026-10-12
301,Provide people production type,7162.64,4160.3,2026-12-11
302,Leader again themselves special,5343.51,1877.74,2026-12-14
303,Against read,4308.36,2930.07,2026-04-25
304,Risk order Mrs,8727.5,1571.27,2026-10-21
305,Interest all agreement,4626.44,1325.26,2026-07-05
306,Hold present,6222.31,959.48,2027-02-06
307,Daughter economy,3042.81,969.86,2026-09-08
308,Responsibility decade behind,8632.26,5569.25,2026-06-07
309,Cost magazine,6657.58,501.18,2026-04-21
310,Without well total author,4446.28,3124.82,2026-06-15
311,Three eight,1663.69,1361.69,2026-04-01
312,Movie rich attorney,3373.36,1628.68,2026-10-03
313,Image ball,2555.45,1869.11,2026-10-23
314,Little,4920.68,1379.97,2026-05-21
315,Direction yourself focus,9822.04,6383.55,2026-07-26
316,Short his leave,8940.82,6386.07,2026-08-01
317,Practice catch every,4135.86,3060.31,2026-12-10
318,Sign method,9044.27,1339.25,2026-10-05
319,Top yet,9661.69,9300.72,2026-10-10
320,Girl television nothing story,3779.88,1719.79,2026-06-02
321,Concern determine,1999.24,434.95,2027-02-20
322,Bad phone,5235.39,3852.43,2026-08-23
323,Level car cost,2166.21,910.84,2026-06-07
324,Ok,4357.86,4194.95,2026-06-01
325,While why,6356.28,5186.49,2026-12-13
326,Alone wide,2864.85,1821.63,2026-06-06
327,Compare station newspaper little,1881.88,1407.86,2027-01-24
328,Continue memory region avoid,7491.94,5641.92,2026-10-24
329,More marriage lead education,1971.78,1821.93,2026-04-28
330,Sister article shake race,4315.99,2106.38,2026-12-22
331,Strategy decide challenge,4989.95,4121.24,2026-06-18
332,Media commercial,6329.2,628.81,2026-12-26
333,Possible course,3641.03,2279.8,2027-01-04
334,Law call seat,6053.42,2167.54,2026-05-25
335,Garden offer,3835.87,445.19,2027-01-27
336,Congress wish view,7566.64,6178.42,2026-07-14
337,Board strong,8719.81,289.89,2026-12-29
338,Around someone bag,2808.05,1493.21,2026-06-01
339,Officer cost return,1134.9,359.49,2027-02-17
340,Term reflect while,9601.08,9118.08,2026-09-12
341,Administration player focus thing,6222.14,369.8,2027-01-17
342,Expert challenge raise,1545.57,671.96,2027-03-02
343,Ok shoulder southern beyond,7248.77,6855.5,2026-06-05
344,Special student,7312.23,580.9,2027-02-18
345,Knowledge result allow,9295.9,7245.75,2026-10-03
346,Behind present draw nature,5674.63,4871.29,2026-04-13
347,Before compare real,9876.74,6636.22,2026-07-17
348,Nearly mouth,8811.6,3560.05,2027-02-04
349,Ask popular particular,8463.92,8040.57,2026-06-14
350,Tv trial,3120.86,1191.27,2026-06-11
351,Among,3251.5,2774.19,2026-12-31
352,Conference pick,6784.73,4313.98,2026-06-05
353,Rate bill,9899.11,9121.87,2026-07-29
354,Partner all game,7730.84,7258.75,2026-04-05
355,Attack argue,9141.63,3395.83,2026-08-01
356,It work front,3159.67,301.81,2026-11-23
357,Common reason,4847.4,1504.35,2027-02-19
358,Public bad or,6749.8,2568.14,2027-03-17
359,Nature city,9567.48,1907.89,2027-03-20
360,Save the task,7215.21,6245.76,2026-12-27
361,Table three head,1900.18,1412.05,2027-01-16
362,Dark dark,6655.35,2877.62,2026-12-17
363,Three from spring,4039.84,159.29,2026-07-22
364,Much most,6911.83,1546.05,2026-10-17
365,Audience best,6244.84,154.59,2026-09-30
366,Middle place should claim,7585.73,1707.51,2027-03-17
367,City government,9571.73,813.34,2026-05-26
368,Low child,4331.05,4163.88,2027-02-09
369,Some,4893.33,763.05,2026-08-01
370,Minute yeah different however,9912.51,3949.62,2026-08-29
371,Middle hospital able,1539.75,283.23,2026-11-30
372,Those strategy person,3109.98,3032.48,2026-10-04
373,Indicate Mrs seven,6266.71,6156.62,2026-05-27
374,Business yourself environmental,9018.57,854.02,2026-06-10
375,Future,3041.58,1833.67,2026-12-01
376,Ball feeling,8041.87,408.08,2026-07-10
377,Stand white,8005.15,4487.02,2027-01-28
378,Notice million,9991.2,4048.57,2026-06-03
379,Nation fine,2912.07,2839.5,2026-09-29
380,And certainly,6526.85,335.35,2026-12-29
381,Go hear,7636.1,1183.5,2026-06-07
382,Accept drive media,2229.06,794.98,2027-03-21
383,Sense already question,5308.17,2649.79,2026-05-02
384,Think,2966.01,2664.3,2026-09-03
385,Hour trip,1732.43,1418.91,2026-10-18
386,Including wish,8148.34,1752.41,2026-04-27
387,Particularly scene director,9242.73,2490.72,2026-09-16
388,Often performance,4371.48,339.89,2027-02-10
389,Pay include physical,2410.94,1167.26,2027-03-19
390,Feeling say,8107.22,6030.82,2026-05-21
391,Choice fill,2983.93,1411.34,2027-01-10
392,World leg,1272.85,1226.23,2026-08-15
393,Manager economic,3219.44,1384.45,2026-11-21
394,Manager marriage off,9824.73,1310.69,2026-11-23
395,Other,7305.79,3328.5,2026-04-18
396,Beautiful power,1236.06,1157.12,2026-07-01
397,Simple,2189.6,630.05,2026-06-15
398,Former picture,5765.49,3737.85,2026-11-11
399,Responsibility vote,3456.23,1629.81,2027-03-25
400,Short resource,6731.08,1732.24,2026-09-26
401,Finally have garden,3749.44,420.14,2027-01-13
402,Year out PM,2975.57,2627.74,2026-11-02
403,Full surface,5190.31,3308.77,2026-04-05
404,Only alone,2218.18,791.11,2026-04-07
405,Green PM admit,5718.62,125.72,2026-06-04
406,Simple similar,3886.72,2164.39,2026-10-06
407,Go,6048.33,482.49,2026-04-29
408,Learn,4242.51,4191.44,2026-07-30
409,Star right recent,9634.52,1183.73,2026-10-08
410,Laugh word candidate,5477.94,3592.95,2026-07-27
411,Fish foot physical start,8555.35,4627.69,2026-10-10
412,Training say above,3885.82,355.2,2027-03-08
413,Teacher artist,5543.48,4364.67,2026-05-21
414,Prevent key,2932.76,1040.36,2026-11-27
415,Identify worker call,2265.87,909.62,2027-01-15
416,Tell fire something seven,7381.06,1768.51,2026-05-13
417,Stand garden what,5296.0,1090.05,2026-11-01
418,Land huge,1946.97,1245.15,2026-06-29
419,Live success person,6630.04,1700.46,2026-12-20
420,Travel head third,1166.36,994.34,2026-10-26
421,Truth reason three,5926.75,4186.34,2027-03-22
422,Despite these,3840.29,2281.98,2026-07-16
423,Check bring seek understand,4187.4,1881.6,2027-02-16
424,Brother chair,8393.12,5083.46,2027-01-13
425,Court other to,5446.92,2912.98,2027-03-21
426,Hard feeling table,6409.29,3890.23,2027-02-19
427,Happen prepare,7046.06,1907.15,2026-12-20
428,Piece vote system not,7118.98,4069.42,2026-09-28
429,Deep forget technology,9503.96,346.98,2026-04-01
430,Dark edge be,8556.9,555.57,2027-03-08
431,Professional despite question,1802.55,1706.95,2026-11-09
432,Green happy,6109.39,779.88,2026-05-10
433,Plan so could election,1652.74,1063.03,2026-07-25
434,Behavior heart,4509.62,3885.51,2026-04-25
435,Accept turn,9834.64,3077.31,2026-11-09
436,House surface official,8664.15,1905.86,2026-06-10
437,Same,5399.82,5095.31,2027-01-19
438,Share cup eat,8374.23,2528.36,2027-03-24
439,While suffer,9856.72,4140.84,2026-06-30
440,Report will political,4099.95,672.68,2026-07-03
441,Coach trip be,7125.81,4983.93,2027-01-25
442,Professor technology glass,6713.06,6518.06,2027-01-26
443,Deal scientist,5216.13,203.87,2026-11-21
444,Her,5735.44,1175.03,2026-07-01
445,Wish,2065.66,150.27,2026-06-06
446,Into real,3010.03,704.52,2026-09-18
447,These forget notice,9334.57,6517.25,2026-04-24
448,Involve year,4112.51,1953.18,2026-11-16
449,Whether,4085.9,819.71,2027-01-25
450,Traditional data,7373.79,2201.84,2026-11-06
451,Attack author citizen,1762.14,745.89,2027-03-05
452,Arrive everyone material,7021.19,4334.1,2026-06-22
453,Claim heart,1984.42,449.86,2026-09-17
454,Become economic contain,4458.02,829.26,2026-09-02
455,Accept heart late,4050.9,2870.23,2026-08-22
456,Call black,9800.83,4885.27,2026-12-21
457,Course experience,3664.55,2018.02,2026-11-13
458,Direction each,7675.58,4713.79,2027-01-14
459,Ever management,9368.53,1213.03,2026-12-26
460,Set table,3772.77,62.65,2027-03-19
461,Off together,6966.89,3523.52,2027-01-19
462,I,3176.59,919.77,2026-05-09
463,Reality,5501.57,4361.01,2026-09-10
464,Full yet since,5378.96,4805.9,2026-04-21
465,Ever local effort,9377.5,1470.05,2026-06-16
466,Theory,2905.1,737.13,2026-10-18
467,Building certainly,7300.42,6158.92,2026-12-14
468,Hot store some,6474.6,3886.41,2026-08-31
469,Decade recently parent,2183.82,1009.87,2026-11-25
470,Name series,4994.86,1168.85,2026-07-24
471,Manage like region,8305.15,1015.47,2026-05-01
472,Picture indicate,3257.91,2486.71,2027-03-16
473,Respond,2739.77,527.39,2026-04-10
474,Stand enough,5113.41,3602.23,2027-01-03
475,Realize region,8637.28,3561.61,2026-11-28
476,Safe sister,5201.79,145.37,2027-01-06
477,Defense trip front,3894.7,2049.1,2026-10-11
478,Necessary role,6246.52,2879.48,2026-09-09
479,Situation success,9848.64,3924.98,2026-08-09
480,Wait far,8566.51,1764.94,2026-07-23
481,Spring drop,7813.32,6000.96,2027-02-17
482,Sing,2601.23,2512.8,2027-03-12
483,Agree,6897.64,3194.16,2026-04-11
484,Black board much,6815.92,1461.55,2026-04-16
485,Interesting thus,6759.55,318.6,2027-01-22
486,Marriage better player,7944.21,5400.55,2027-03-10
487,Enjoy stage,6108.13,5484.32,2027-03-17
488,Win baby future,7548.12,1981.48,2027-03-26
489,Keep must along,9943.51,7620.83,2026-10-26
490,Mother teach staff,3797.03,703.18,2026-06-11
491,Last lead into,9885.55,5473.65,2026-08-15
492,How child accept,1049.25,513.19,2027-03-06
493,Nearly employee,8353.7,7989.88,2026-06-26
494,Cell knowledge,7216.8,4025.09,2026-04-21
495,Yet yet ever,1499.89,268.39,2026-04-01
496,Weight member,5217.64,2522.79,2026-04-15
497,Choose time fill,6810.64,2652.72,2026-05-03
498,Course standard mission,1690.9,521.0,2026-09-09
499,Camera appear character,5927.6,5844.56,2026-12-05
500,Price media,8072.01,4028.4,2027-01-21
501,Purpose eye,4510.33,3449.42,2026-12-30
502,Health miss race,8262.53,2498.1,2026-06-23
503,Involve major,5028.84,96.73,2026-09-17
504,Mind line,2413.22,1736.5,2026-04-24
505,Main manager follow,6661.96,70.84,2026-10-13
506,Member environment,4022.64,1535.61,2026-08-26
507,Not difficult,8937.19,3848.62,2027-02-27
508,Clear and,5551.33,4622.0,2027-01-20
509,Successful when star whatever,7265.72,3301.78,2026-04-03
510,Ten charge term risk,3665.67,488.97,2027-03-16
511,Wind both,1151.08,536.29,2026-07-13
512,Voice view,4150.58,3290.57,2027-02-14
513,Just image them,1259.94,138.52,2026-09-03
514,Soon parent smile,2563.8,1788.4,2026-04-03
515,Yourself prepare,2588.23,1621.43,2027-03-08
516,Control notice agree,2850.29,1000.8,2027-03-21
517,Civil out,2716.64,2629.96,2026-10-22
518,Senior look,3876.81,1092.99,2026-11-17
519,Decade happy,3282.61,3001.61,2026-12-16
520,Talk hot mean,9151.99,6078.13,2026-09-20
521,Measure sing change,8437.02,1378.12,2027-01-17
522,Focus turn,5720.08,554.61,2027-01-15
523,Me decision official,4296.13,3389.63,2026-09-25
524,Seem yourself only,3330.03,1570.85,2026-09-26
525,Hot firm,2277.34,215.26,2026-11-20
526,Around still oil,4949.84,4270.47,2026-11-05
527,Reason few,8564.22,1395.5,2026-07-19
528,Audience drug without,8504.15,6406.89,2026-06-12
529,Spring this thus how,7525.57,4087.07,2027-01-15
530,Believe,8009.78,2062.63,2027-02-18
531,Pretty many arrive,3634.39,3581.96,2026-10-18
532,Indeed,6004.16,664.95,2026-06-22
533,Military pattern instead,3812.33,506.62,2026-11-14
534,Stay window understand,2762.07,2293.28,2026-07-22
535,Remain billion figure,2905.74,2037.07,2026-05-06
536,Specific western,6654.1,1048.32,2026-07-04
537,Whose hot east,5127.37,4994.12,2026-05-08
538,Model cost little,7965.2,2961.48,2026-11-08
539,Speak resource the,9260.06,8722.29,2026-06-29
540,Two development drug,5949.01,5091.93,2027-01-31
541,Us simple,3111.91,1872.67,2026-10-14
542,But another state,2794.96,968.37,2026-09-02
543,Produce address rise,4515.13,436.15,2026-10-08
544,Wonder likely president,9894.35,3012.43,2026-11-15
545,Group one,4497.7,3582.45,2026-04-26
546,Them whatever,1538.8,774.63,2026-09-10
547,Future part even,9031.81,7113.22,2026-10-31
548,Door remain,3158.37,1478.12,2026-07-08
549,Law hospital,2767.08,31.67,2026-09-22
550,Prevent grow thus,5351.03,3300.97,2026-07-07
551,Forward enjoy attorney,5362.71,5059.77,2026-11-18
552,Better gas agency,6138.01,2503.87,2026-05-12
553,Population door,4012.62,3457.89,2026-04-24
554,Pass at,2469.71,462.88,2026-11-13
555,Check land area able,2508.6,151.83,2026-12-15
556,Treat score factor,2997.77,174.37,2026-12-07
557,Although figure,6109.49,2465.41,2026-08-28
558,Evening do administration,2140.96,1377.88,2027-02-04
559,Participant large vote morning,1749.13,927.57,2026-10-20
560,Figure budget cut,5511.1,4017.69,2026-04-09
561,Deep,8914.02,1514.11,2026-05-30
562,Her million score,1908.81,1472.41,2027-01-29
563,Area low store,1423.11,207.53,2026-12-09
564,Per success,2894.31,474.0,2027-01-07
565,Finally difference institution,7222.16,3204.71,2026-04-05
566,Who community,1930.75,1594.04,2026-11-17
567,Wish including first,8898.27,7000.89,2026-10-05
568,Between near sing,6511.73,241.66,2027-03-19
569,List way list,2222.88,814.51,2026-04-22
570,Clear career,7862.28,5971.46,2026-10-13
571,Short fast,1574.59,1422.04,2027-03-07
572,Nice gas,6444.96,3707.26,2026-08-15
573,Physical bar next,2783.95,15.85,2027-03-02
574,Order,8982.06,1595.74,2027-03-26
575,Where himself quite,2456.2,982.24,2026-05-20
576,Foreign property,3654.76,2591.62,2027-01-11
577,You,2691.53,384.84,2027-03-05
578,Especially religious sell meet,6147.03,1198.49,2026-05-25
579,Coach two,4159.7,3333.87,2026-07-06
580,Power blue,2215.64,1364.56,2027-01-26
581,Real remain central,8363.25,528.78,2026-06-05
582,Person house free,8046.92,6956.34,2026-11-05
583,Treatment run,4512.6,1778.72,2026-05-19
584,Test ready he,8491.25,1806.19,2027-03-13
585,Glass agree,1482.8,606.42,2027-03-17
586,Short receive conference,1842.14,1027.28,2026-04-28
587,Miss himself behind,8387.34,640.2,2026-05-03
588,Stock able deep,7088.68,6477.74,2027-02-16
589,Movement happen station,1684.1,1628.94,2026-10-25
590,Expect resource goal,8036.61,6578.66,2026-10-21
591,Away person animal,2885.98,1946.87,2027-01-04
592,Key second wrong,7563.97,5264.66,2026-10-09
593,Pay ask civil without,9327.29,3999.34,2027-02-25
594,Serious consider,1028.57,927.43,2026-10-22
595,Live identify memory,1829.18,827.33,2027-01-08
596,Day ability class represent,4262.01,1004.23,2027-02-03
597,Risk happy tend decision,1697.57,1442.68,2026-11-28
598,Black,7179.12,6675.39,2026-06-28
599,President size,6559.53,3876.18,2026-08-11
600,Current figure measure,8160.48,4875.02,2027-03-21
601,Almost law fight,3426.1,64.2,2027-02-15
602,Half great,9533.36,1586.87,2026-09-09
603,How foreign deep,7242.17,3450.85,2026-08-05
604,Professor grow real,5234.41,111.81,2026-10-04
605,Return here,8038.0,7267.37,2026-05-24
606,Parent bag,9210.26,5405.58,2026-11-29
607,Standard article that,4663.51,3844.32,2027-01-18
608,North scene evidence,2298.16,798.76,2026-06-30
609,Tv never,2080.24,731.0,2026-05-07
610,Own,9083.04,3082.54,2027-03-25
611,Red blood information,1388.28,329.55,2026-10-11
612,Throughout professor make Democrat,8941.23,3501.57,2026-07-07
613,Fish best,6531.35,4411.28,2026-06-18
614,Until each,1097.97,133.08,2026-05-27
615,Capital,1771.91,684.6,2027-01-15
616,Time positive,3838.36,3717.38,2026-10-23
617,Purpose type employee series,9319.62,466.36,2027-01-31
618,Ready production,2248.94,666.08,2026-05-30
619,Pressure size idea,3612.8,882.83,2027-02-12
620,Line clear decade,6948.1,6832.21,2026-07-06
621,East campaign,9697.12,3319.37,2026-08-28
622,Service deep may,2365.41,78.92,2027-02-08
623,My expect sister,8113.28,5257.11,2026-09-14
624,Try pass,9497.34,5266.73,2026-06-02
625,Single response,2978.01,2842.58,2026-10-18
626,Find law,9565.46,1215.32,2026-04-10
627,Sense young together us,4317.54,2466.9,2026-11-02
628,Police animal,9707.0,6244.8,2026-06-28
629,Hundred throw section,2624.46,566.79,2026-06-26
630,Put development artist class,3119.89,1899.36,2027-01-04
631,Cold full skill,1550.43,1504.4,2026-08-07
632,Guy television,8838.83,2496.28,2027-02-10
633,Commercial receive,6996.07,4304.32,2026-05-18
634,Game,2062.24,1244.72,2026-07-23
635,Agreement fast upon,5316.96,1730.38,2027-02-04
636,Cultural during,2051.54,28.1,2026-04-06
637,Impact shake,7393.41,1682.87,2026-05-23
638,Foreign most,8272.98,2311.05,2027-02-25
639,Report various,3104.18,2412.89,2026-04-17
640,Together glass need,4077.2,3145.48,2026-10-28
641,Rather guy commercial,4763.52,3649.0,2026-11-28
642,Early kitchen,2207.14,2077.41,2026-11-15
643,Why will maintain,2865.67,141.41,2026-12-03
644,Difficult reach law,5148.87,1491.23,2026-05-24
645,Rock garden prove yourself,1392.8,76.6,2026-04-19
646,Pass can,7817.95,4011.91,2026-06-19
647,Relate little,8453.42,5673.67,2026-07-22
648,Two instead,8487.58,8121.08,2026-09-15
649,Speech debate,7620.43,2795.57,2026-04-14
650,Our physical size,9217.63,2349.06,2026-07-09
651,Seven nor,7281.58,3213.84,2026-06-26
652,Education leg,3861.11,1607.1,2026-07-14
653,Blue help I,3731.76,3564.46,2026-10-09
654,Lead score,1656.74,259.62,2027-01-18
655,Wide between,9886.08,4311.53,2026-07-06
656,Them baby suggest,7217.43,2518.86,2026-05-16
657,Statement police him,2604.3,252.5,2026-11-22
658,Cup close,7904.07,858.71,2027-02-13
659,Easy least,5524.57,678.22,2026-06-22
660,Order fight,6133.8,5312.21,2026-06-17
661,Later new,8057.73,7752.46,2026-04-15
662,Show usually,1571.69,45.08,2026-11-19
663,She bag participant,3015.36,47.48,2026-12-01
664,Practice matter,3861.05,3203.19,2026-08-26
665,Account there read,2331.52,2115.24,2026-10-11
666,Enter rule,6755.59,2484.46,2026-04-28
667,Nice audience war,8591.31,2332.6,2026-05-17
668,Everything particular significant record,2148.65,1201.86,2026-05-15
669,Detail nothing,2086.23,1246.16,2026-08-29
670,Work social amount serious,5458.2,567.07,2027-03-12
671,Ok far difference,5184.12,3652.92,2026-12-13
672,Laugh dream,2110.05,346.46,2026-04-14
673,Spring serious,7135.13,3337.34,2026-12-01
674,Open piece off,7565.13,4315.77,2027-01-26
675,Simple central,8589.96,6391.8,2026-07-31
676,Hand teacher,5540.88,3763.96,2026-04-04
677,Enter eat,9213.61,3735.39,2026-10-07
678,Modern air field,8746.06,4145.18,2026-04-11
679,We wife,6180.54,378.92,2026-11-06
680,Window either think,9981.92,3976.48,2026-07-27
681,Blood tonight organization who,7638.71,7081.57,2026-10-05
682,Cut wife machine,8855.66,2376.42,2027-02-06
683,Sure word,9633.35,8192.24,2026-09-07
684,Man,5363.96,5026.64,2027-03-11
685,Discuss sure,9289.86,1453.49,2027-02-20
686,Prevent seek usually,6409.3,5940.01,2027-03-14
687,Feel,2740.27,2648.14,2027-03-26
688,Cut defense see,5288.04,4039.33,2026-05-03
689,Seat,2654.36,343.59,2026-07-16
690,Threat friend number,6929.8,2763.85,2026-10-01
691,Raise friend attention,4021.29,3430.16,2026-06-07
692,Direction,2355.58,1400.14,2026-07-13
693,Alone matter particularly,8709.55,5009.91,2027-03-06
694,Sell trial senior,8286.23,8011.98,2026-07-01
695,Add,4146.86,3401.49,2026-05-09
696,Drop example think,5049.54,3090.43,2027-03-22
697,Science box enough,6115.26,5579.41,2027-01-11
698,Key single,3732.18,992.38,2026-07-07
699,Safe,4592.09,3183.78,2026-05-17
700,Role improve,4064.69,541.14,2026-11-22
701,State perform,1447.97,31.22,2027-01-01
702,Administration suddenly,1103.43,743.82,2026-10-28
703,Factor system often,9017.16,1780.29,2026-04-18
704,Game toward,1677.5,474.4,2026-12-19
705,Tell,7145.38,3889.75,2026-05-21
706,Measure design rise,9216.54,8829.88,2026-08-22
707,Leader understand,9678.57,9175.18,2027-01-03
708,Strategy herself stand,2556.36,1671.3,2026-08-05
709,Similar particular,6625.42,4484.43,2026-11-18
710,Together open threat structure,6285.29,3088.16,2027-02-21
711,Be matter,6259.72,4618.74,2027-02-21
712,Difference accept seven,9795.33,4941.65,2027-02-12
713,Authority girl,3571.68,2826.26,2027-03-29
714,Security issue current,7529.8,7260.46,2026-12-05
715,Ever travel,6059.44,5239.91,2026-04-05
716,Tv,8005.32,3374.39,2026-05-06
717,Network reveal none,4942.1,778.16,2026-10-23
718,Nice people,4010.91,3457.96,2026-06-21
719,Save husband surface,8424.79,1567.76,2026-08-12
720,Wind police,8429.58,1321.49,2026-08-18
721,Benefit piece,5187.53,5051.18,2026-09-22
722,Letter play science,5801.86,649.94,2026-04-06
723,Want first federal special,2105.36,948.64,2026-12-01
724,Have administration card each,2045.49,405.53,2026-07-28
725,Someone television,6406.85,2550.62,2026-05-22
726,Pick decade truth,6843.69,2936.25,2026-04-20
727,Identify long natural,6369.91,5.26,2027-03-06
728,Raise Republican,3288.16,589.66,2026-04-14
729,Your many fund,8393.28,5510.45,2026-08-07
730,Sit,1025.84,907.49,2026-06-21
731,Simply film,8876.04,4298.91,2026-04-15
732,Must lawyer,7036.1,6957.47,2026-05-18
733,Amount owner,8105.33,3947.8,2027-02-13
734,Relate,5661.93,4448.06,2027-03-02
735,Opportunity outside air soon,9489.97,3435.01,2026-11-29
736,Answer hair,8715.62,5100.96,2027-03-10
737,Six follow,8260.68,62.22,2027-01-19
738,Might few own,2375.96,1919.4,2027-01-27
739,Provide guy stock,5092.14,818.82,2027-03-23
740,Head system,5331.5,5112.35,2027-01-29
741,Without action,6257.88,2974.26,2026-05-08
742,Resource almost,6845.25,4540.96,2026-06-17
743,Thought remain lead,9860.41,7282.26,2026-07-28
744,Certainly type air evening,9065.6,3781.76,2026-08-23
745,Draw partner although,2779.37,168.63,2026-06-21
746,Outside same order,6118.96,5376.78,2026-05-10
747,Bar,5920.67,5165.42,2026-11-22
748,For PM,1294.75,802.77,2026-08-02
749,Enough single building,4464.33,2280.09,2027-02-18
750,Raise skin,3377.09,2130.71,2027-03-12
751,Free language,8215.67,6237.81,2026-06-14
752,Any capital,2142.51,1777.62,2027-01-26
753,Like leader health,9931.82,3188.01,2026-10-17
754,Cause feel bag,1664.19,228.91,2026-06-19
755,Know possible Congress,7390.32,3675.92,2026-11-24
756,End fast represent wear,1654.56,221.49,2026-05-28
757,Away,9019.31,8276.02,2026-04-11
758,Local investment,1909.56,26.36,2027-02-20
759,Or have,4982.71,1405.08,2026-04-22
760,Drop military beat,7522.52,1351.3,2026-11-06
761,Anyone,5227.54,4171.01,2026-10-21
762,Actually guess continue,6819.26,5805.89,2027-01-02
763,Again manager,2923.25,2624.0,2026-08-02
764,Its movement bring,5927.75,1820.25,2026-10-02
765,Language couple administration,4013.82,2019.47,2026-10-14
766,Girl,4690.45,2484.68,2027-01-17
767,Plan window,5425.42,5176.17,2027-03-31
768,Drug outside then,1753.61,437.59,2027-01-23
769,Cost over born,6313.13,5492.8,2026-05-02
770,President weight task,8293.36,1920.24,2026-12-14
771,Second more recent,6729.5,5202.97,2027-02-16
772,Look enough,6402.41,1857.08,2026-08-31
773,Production their approach,9854.33,93.54,2026-05-05
774,Material very within,8405.9,2564.32,2026-12-06
775,Cell play spend,2079.95,372.45,2026-07-27
776,Often back positive,1173.67,423.95,2027-03-23
777,Future economy any,6972.48,5443.99,2026-08-15
778,Expect ever,9469.98,4856.4,2027-01-23
779,Management detail remember,1492.47,1447.13,2026-11-09
780,Too security,1547.22,1278.7,2026-05-07
781,Himself letter enjoy challenge,2108.7,1683.23,2026-09-17
782,Use notice,9428.61,260.1,2026-05-02
783,Professor attention,3297.08,2536.67,2027-02-03
784,Say data choice,4376.83,3672.59,2026-07-15
785,Thought until cause professor,1254.22,985.47,2027-03-27
786,Family positive song,6614.87,1507.23,2027-02-09
787,Probably me,7924.16,4164.09,2027-03-12
788,Future deal color,6189.12,57.83,2026-08-02
789,Whom police social,4940.67,3333.65,2026-04-03
790,Hand morning,4384.44,1734.68,2026-10-06
791,Win certainly,3296.09,1519.32,2027-01-07
792,Lot like,8051.32,3257.54,2027-02-11
793,Edge full,2299.43,1191.08,2026-07-02
794,Very act baby,5865.47,5368.56,2026-08-25
795,Improve budget as,2075.23,1712.57,2026-12-28
796,Reveal,1068.33,573.25,2027-03-08
797,Pattern result,1893.7,672.01,2026-10-14
798,Drive,4578.09,2515.74,2026-11-01
799,Media level executive,1623.22,86.77,2027-02-16
800,Various dog,1984.18,1110.57,2026-10-22
801,Drug hit,9820.65,5213.44,2026-10-03
802,Sound ball television bed,3443.08,369.4,2026-09-06
803,Manager than,6375.34,1076.39,2027-02-12
804,I step song,5110.25,2895.94,2027-01-11
805,Player garden,9183.94,7977.29,2026-10-09
806,Between capital sign,7035.47,977.04,2026-08-01
807,Still,7938.9,6354.2,2026-11-06
808,Upon the could,7741.49,3195.67,2027-02-24
809,Eat pressure,2552.48,791.19,2027-02-12
810,Oil step reflect total,3889.47,462.19,2026-07-04
811,Those assume,4166.48,1073.28,2026-04-25
812,Must nice worry,9454.43,4113.35,2026-08-31
813,Better mother concern,5823.66,4416.78,2026-06-20
814,Thousand need,9508.37,1182.63,2026-09-16
815,Statement on product,3098.15,1665.99,2026-11-29
816,Billion term,4050.93,1219.03,2027-01-27
817,Think while,2836.16,597.08,2027-01-27
818,Office box,3073.12,2465.93,2026-05-06
819,Human health,3510.16,2971.91,2026-07-18
820,My south I,5468.14,1178.58,2027-01-26
821,Successful down,6500.23,5047.98,2027-03-22
822,Minute same speak,2423.74,60.41,2027-02-11
823,Officer note mind,7874.33,6246.77,2026-10-09
824,Tree meeting,7925.03,1416.42,2027-02-18
825,Growth note friend week,7561.22,1507.63,2026-05-28
826,Suggest why environment,5830.88,3687.27,2026-11-20
827,Throughout site skin,1236.91,1042.48,2026-08-06
828,Spring hope,1325.53,328.41,2027-02-12
829,Which response set,6905.9,2729.87,2026-09-21
830,Management system work,2000.44,1301.14,2026-06-10
831,Agency,8590.18,5234.7,2026-09-14
832,Really from respond,2659.08,828.92,2027-02-08
833,Occur best each,9007.13,5606.47,2026-04-13
834,Risk drive,1253.17,957.65,2026-10-22
835,Customer both,1442.04,1014.27,2026-07-08
836,Much ago president,1663.94,1363.13,2026-06-11
837,Mind large similar,6102.39,1800.61,2026-07-27
838,Ball expert,3017.35,2157.73,2026-07-28
839,Make season,9033.69,3485.53,2026-10-07
840,Relationship,8176.66,2491.26,2027-01-02
841,Reach player subject,8883.19,5627.62,2026-06-06
842,Star change reflect,5238.85,705.94,2026-09-27
843,Create create notice family,2818.5,1973.6,2026-11-09
844,Worry traditional,3328.23,1950.18,2026-12-19
845,Husband role,2892.05,2082.93,2026-11-29
846,White such,8278.64,2765.98,2026-09-29
847,Difference return let,1932.43,1604.95,2027-01-21
848,Could they officer,4484.54,4175.48,2026-05-10
849,Space sell serious,1056.23,802.62,2026-09-12
850,News piece beautiful,1232.36,156.14,2026-11-09
851,Positive answer point,7305.34,1647.5,2026-04-14
852,Soldier very,3908.48,345.46,2026-11-29
853,Physical article whether,1321.83,5.04,2027-01-24
854,Notice tonight my,5726.75,5588.93,2026-12-10
855,Red run treat find,3811.59,1794.4,2026-05-17
856,Maybe stay along,1967.35,247.89,2026-10-05
857,Interest glass,9701.97,277.3,2027-03-20
858,Themselves its,5090.47,3191.26,2026-08-19
859,Our thing,6054.51,1790.6,2027-01-21
860,Conference as organization,8028.38,1918.49,2026-10-16
861,Direction,9538.6,2973.28,2026-07-02
862,Manager avoid,4380.93,3004.59,2026-11-14
863,Figure you land,8058.72,5814.28,2026-05-31
864,Accept information,3661.55,3653.5,2026-08-14
865,Continue,3931.44,961.7,2026-11-29
866,Price miss soldier,6294.13,4675.7,2026-09-27
867,In vote,3704.05,3179.3,2026-08-27
868,Couple her something,6114.55,5868.8,2026-10-17
869,Early society movie,3200.39,1441.59,2027-02-24
870,Suddenly evidence,6132.52,3189.89,2026-04-16
871,Billion speech reach,5306.47,15.69,2026-06-30
872,Real oil,3399.71,2374.44,2026-05-20
873,Down on series too,8764.37,5537.95,2026-05-19
874,Media activity poor weight,4193.56,2149.52,2026-07-27
875,First friend,8784.17,509.49,2026-10-17
876,Source seek,3845.28,991.49,2026-07-13
877,without factor discussion,5210.05,3525.61,2027-11-24
878,age sound,2062.45,806.45,2027-07-02
878,good agreement rule grow,2068.55,1428.06,2027-06-20
879,majority individual,6942.59,2881.57,2027-09-29
879,wish fear notice,2190.22,707.86,2027-12-26
880,sure series box budget,8182.08,5806.87,2027-07-11
880,necessary age within,4978.47,142.08,2026-10-05
881,forward affect walk itself,9895.12,5389.0,2027-01-05
881,east may,1844.82,1692.74,2027-06-11
882,go benefit,8016.15,1136.81,2026-12-21
882,energy stage stage,1670.75,969.52,2027-03-03
883,deep talk,9345.49,4675.02,2027-03-30
883,suffer yeah election serious,2904.53,1998.82,2026-07-16
883,blood wrong one choose,1803.61,1387.48,2027-07-30
884,report prove,5233.42,797.55,2027-07-25
884,able lot agency,7557.61,7002.61,2026-07-04
884,street girl arrive everything,2606.05,2216.35,2027-12-10
885,rather back also,8299.23,6580.98,2027-04-14
885,people part toward,1813.42,908.13,2027-09-04
886,born look fund fine,3413.83,2405.43,2027-01-16
886,drop along prove blue,2522.36,449.34,2026-11-07
886,plant feel cover agree,4119.19,1575.27,2027-07-05
887,tend player,6293.77,2699.67,2027-10-08
888,detail model executive,6709.13,3935.32,2026-06-15
888,score choose,5903.44,2040.42,2026-09-17
889,sit dinner,8998.53,4939.12,2027-11-03
890,either suddenly,6328.82,815.12,2026-08-11
890,leave door close old,6305.79,3815.47,2027-06-03
891,though beautiful,3091.06,2052.88,2026-12-21
892,box popular computer,3300.3,1741.57,2027-12-27
893,important strong ball trade,5581.95,4045.59,2027-10-30
894,lay get health,7706.28,3554.96,2027-06-14
895,cold effort pull,7337.95,6797.99,2027-05-24
896,the contain,3673.27,2769.08,2027-05-04
896,prove middle,2551.8,1377.37,2027-08-19
896,likely mention make save,8295.15,1268.78,2027-05-06
897,discuss organization,6262.65,1641.5,2026-12-05
897,stop opportunity perform,5840.7,899.12,2027-09-30
897,only factor them,4664.63,4316.99,2026-12-10
898,five and,2771.92,2054.82,2027-11-02
898,meeting page,8814.68,548.54,2027-12-31
898,husband design step turn,6655.15,6178.51,2027-05-05
899,senior body,1719.65,1350.24,2027-07-24
899,agency worker down must,8213.25,6451.14,2027-07-21
900,prevent generation much likely,6257.3,479.84,2027-05-22
900,difficult debate green,4771.29,4634.89,2027-03-13
901,however fight dog,9963.7,4502.54,2027-03-21
902,college visit their,9304.5,2510.75,2027-06-26
902,visit task when,3420.47,2472.0,2026-12-22
903,when national,6850.66,1320.58,2026-07-04
904,dream trial,8499.02,8012.49,2027-04-22
904,down often word,7926.06,4891.87,2026-08-30
905,Republican order catch above,9660.66,206.06,2026-08-26
905,scientist prepare change structure,7785.89,7779.64,2027-10-03
905,sense art,1636.38,15.02,2026-11-27
906,carry partner able person,9018.09,928.29,2027-08-01
906,cut could put view,3915.69,300.81,2026-08-08
907,of science report,2030.66,140.99,2026-09-01
908,guy college bed,1591.69,893.11,2026-12-13
909,you cover,2946.18,1459.13,2026-10-08
909,kid here,2586.48,1892.25,2027-09-25
909,add report couple,9296.11,4679.37,2027-08-15
910,recent son,5679.96,209.39,2026-08-11
910,time position dog,3264.46,2118.94,2027-04-09
911,natural up play,3852.36,1267.41,2027-08-09
912,rise onto current best,6626.35,479.92,2026-12-30
912,process than responsibility,5199.02,1641.2,2026-09-20
912,hour happy girl yeah,6372.45,5433.13,2027-02-26
913,international quite black,5836.12,5783.48,2026-09-01
914,sea turn across upon,1412.68,1240.78,2027-12-14
915,well how drug property,1118.14,864.45,2027-04-01
916,letter year see cultural,1508.08,293.0,2027-02-02
917,pay keep better edge,9561.33,9295.65,2027-08-04
918,hit expert,2078.24,666.53,2026-10-24
918,feel phone father dream,6508.65,1758.13,2027-11-24
919,less our bill leader,4392.41,821.4,2027-01-23
919,draw majority,9418.0,1197.46,2027-09-27
920,region summer,5112.91,1015.28,2026-06-14
920,scene step,6542.76,441.74,2026-12-30
921,style whatever house run,7054.22,6854.66,2026-07-17
921,defense attention minute,9257.58,2391.07,2027-04-28
921,move contain hard growth,7953.18,5324.93,2027-04-03
922,protect time,2548.28,424.76,2027-12-12
922,response morning,5475.52,1272.42,2027-03-21
922,west push base half,2738.0,950.44,2027-04-18
923,after board foreign,1203.05,492.86,2027-07-01
924,price church street,8740.98,6898.39,2026-11-05
924,option record,1210.91,694.89,2027-09-08
925,these across,5240.75,3717.53,2027-08-10
925,suggest career find seem,4411.08,1740.62,2027-03-30
926,amount dinner pressure across,1412.77,1194.64,2027-06-01
927,something throw,3679.67,2526.23,2026-07-20
928,idea foot federal,6538.77,484.34,2026-07-15
928,land prevent choose,1371.05,1186.17,2027-05-06
928,direction walk,9205.7,3871.82,2026-07-31
929,pattern often,9932.51,6377.45,2027-09-08
929,operation occur cultural instead,2528.34,2229.74,2027-08-29
929,finally various either pretty,3551.12,1799.35,2026-11-27
930,fill especially run,7806.5,4709.08,2026-11-28
931,arm financial carry him,1305.38,1019.84,2027-05-26
931,idea thousand training,7680.03,3596.09,2026-12-15
932,plan only act city,7163.34,4025.94,2027-08-26
932,player born south hot,3829.76,1360.28,2026-07-20
933,company traditional water,3388.59,2225.95,2026-06-30
934,east capital future,8301.42,55.93,2026-06-22
934,development activity shoulder,6548.25,632.03,2026-10-10
934,all century step offer,9294.05,3607.72,2026-11-25
935,true argue prepare turn,8150.04,2134.24,2026-09-30
935,determine popular price religious,4218.49,1661.09,2026-08-16
936,someone culture prepare,5251.72,4930.31,2026-08-19
937,after fill manage rise,2184.68,1198.01,2027-08-18
938,our customer,8922.16,1063.16,2027-02-26
938,letter our song,1367.27,56.53,2026-06-03
938,candidate image home visit,1209.89,234.48,2026-06-07
939,send think my yard,7918.54,506.89,2027-08-11
939,lawyer somebody,2377.73,1160.94,2027-10-04
940,generation information hit here,5255.2,3029.53,2027-05-17
940,and conference idea,8532.69,1582.89,2027-03-06
941,one party,3766.18,1056.59,2027-08-03
941,just the page week,3866.14,2858.56,2027-02-05
942,military piece compare seek,4947.74,4592.21,2026-07-09
942,Democrat black view term,9617.77,7875.91,2027-07-08
942,hospital scene past,5207.84,4572.87,2027-11-18
943,score key everything,9849.34,6005.83,2026-12-19
943,message instead down,3950.04,3776.3,2026-11-07
943,surface west according into,5884.19,3554.34,2027-12-09
944,me small bank figure,2642.51,831.01,2027-07-18
944,half physical conference,8710.13,1876.31,2026-11-23
944,surface adult indicate lawyer,7626.99,2199.03,2027-03-01
945,forward lay,3533.21,1593.69,2027-11-15
945,seem behind,3205.06,220.2,2026-06-09
946,leader share know,4040.5,698.98,2026-10-11
946,talk make,8367.29,1896.73,2026-06-28
947,wish gun mean,7476.87,1138.03,2027-01-01
948,among general professor,1738.27,1313.04,2026-09-23
948,feel environmental,9856.15,1935.75,2027-08-17
949,against challenge word green,1124.67,287.91,2026-08-21
949,research professional expert body,5658.93,5168.38,2027-09-02
949,five politics federal,9983.28,9588.77,2026-06-27
950,forward only,5764.57,908.62,2027-01-21
950,before beat foot,2650.71,1620.99,2027-04-22
951,too particular approach article,7071.06,2297.54,2026-11-29
951,opportunity general start,9240.75,177.8,2027-09-19
951,professor less,7586.4,3370.65,2027-08-18
952,myself focus thank artist,7533.56,3862.74,2026-11-18
952,other movement medical,1018.34,67.96,2026-08-31
952,economy day your,4003.65,2900.85,2026-06-18
953,treatment represent,2614.57,1718.65,2026-09-08
953,happen toward plan,3651.35,2520.96,2026-08-31
954,whole from trade,5321.01,4993.68,2027-01-14
955,back myself often front,7046.91,2337.81,2026-07-27
955,your newspaper check,9926.72,2252.0,2026-07-27
956,form claim,8759.78,3519.23,2026-08-19
956,off part get,2890.48,1947.95,2027-04-04
956,federal big lawyer show,8625.83,7556.58,2027-11-06
957,item democratic,1809.23,641.91,2027-11-04
957,consumer order recent write,5831.25,3734.11,2027-07-18
957,notice outside herself,6352.7,5398.8,2026-12-13
958,tree president reason,1015.62,780.69,2027-02-01
958,cause point,5981.05,35.68,2027-09-14
959,level door back than,6033.09,4977.06,2026-08-07
959,leave to fish,8490.3,5653.12,2027-06-08
960,whether yes,8605.65,3345.46,2027-01-15
961,anything physical age,2919.97,1525.46,2027-03-28
961,realize look,3851.94,502.45,2026-08-19
962,husband ever all half,3471.23,2963.68,2027-12-12
963,might break dog,2324.69,2151.79,2026-12-29
964,head land send,6141.54,3871.36,2027-08-04
965,explain them focus culture,3774.48,1976.76,2026-09-04
965,perhaps media reflect,6467.11,5665.82,2026-07-07
966,second accept home sea,4126.46,253.07,2026-10-13
966,western challenge,1890.87,237.39,2026-06-04
966,trade price stay,9883.23,9069.71,2026-09-02
967,know whose authority,4097.08,999.95,2027-03-16
968,stop sit try,8255.09,3404.53,2027-12-13
969,range travel,9738.9,8074.41,2027-04-07
969,friend relationship month ahead,4517.9,4353.25,2026-07-19
970,second long activity,2699.88,451.66,2026-07-13
970,attack thank third,2861.32,1531.43,2026-06-23
970,really wonder,2525.02,2193.15,2027-06-11
971,increase including picture,8079.22,5380.81,2026-10-19
971,piece black society condition,3269.42,2819.73,2026-11-16
972,drop body,5620.1,2095.25,2026-08-24
972,Mr sing network else,7890.59,1763.03,2027-03-27
972,bar citizen particularly,7698.83,5061.14,2026-12-14
973,staff goal,7108.9,451.79,2027-02-03
974,hot action parent wind,3919.85,3820.16,2026-08-29
975,protect guess,3744.39,3725.99,2027-11-27
976,present measure director,4670.94,3137.55,2027-11-17
976,threat no add foreign,4601.12,3801.44,2027-08-16
977,financial drive recent,1884.67,1432.17,2027-11-15
977,task another,8384.24,4862.34,2027-02-07
978,develop design race military,6797.12,1174.06,2027-01-21
979,identify trip its local,3436.45,2546.55,2027-04-16
979,investment learn which group,3398.13,266.2,2027-12-03
979,some while operation population,8892.11,5549.95,2026-06-24
980,agency ready back student,5814.94,1937.32,2027-07-06
980,nearly you seven,1269.64,801.5,2027-07-18
981,on tell mention something,5998.49,2101.28,2027-06-02
982,raise have present,3279.63,3012.72,2027-12-27
982,century way school maybe,6562.55,3862.83,2027-08-16
983,store image stock which,9112.33,5568.22,2027-04-22
984,subject no,3494.42,2794.7,2027-10-30
984,population teacher else fill,6557.99,2102.8,2027-06-14
984,degree parent shake ok,1909.28,1677.27,2027-02-24
985,black who daughter,7782.91,6763.3,2027-11-04
985,side each,3191.86,1637.42,2027-09-01
986,least long future,3161.7,722.99,2027-06-02
986,former may front quite,7917.74,3987.7,2027-07-26
987,stand medical person cause,1263.45,406.4,2026-11-11
988,they face certain,6296.82,3704.8,2027-06-21
988,factor foot,3052.54,788.03,2027-03-25
988,myself these bag direction,2785.43,246.67,2027-04-28
989,parent down bad morning,2152.98,992.03,2026-06-20
989,nice himself specific,1232.32,1177.94,2026-10-15
990,actually usually,5223.83,1939.69,2027-01-25
991,treatment community raise,1251.21,1072.16,2027-09-05
991,media quite tonight size,2051.19,1807.89,2027-05-24
991,camera her,6928.46,216.75,2026-09-24
992,home also might,1566.63,922.95,2027-05-26
993,church particular director,7896.34,1735.84,2027-03-24
993,where debate foreign,4666.07,1629.6,2026-10-25
994,money back kind,9480.33,5893.84,2027-08-25
994,cover story soon,6428.67,6229.2,2026-06-30
994,fund value executive spring,5622.57,4979.39,2027-04-17
995,may let listen,8866.43,7479.06,2027-07-08
995,find lay true religious,8606.03,3455.36,2027-01-02
995,future meeting nice,6364.84,4283.38,2027-05-11
996,enjoy whole budget check,8772.84,6211.04,2026-08-02
996,no away,5008.98,3175.32,2027-12-15
996,note research,2797.45,2211.56,2027-01-03
997,training newspaper task guess,8550.3,5876.29,2027-12-07
998,direction back,7914.79,6491.64,2027-06-08
998,family choice protect heavy,3916.15,1358.05,2027-07-30
998,should life,5055.05,4956.86,2027-11-08
999,weight trouble pattern,1296.7,336.11,2027-09-15
999,free reveal cut,1224.58,615.08,2026-06-03
1000,himself article,9961.03,2016.67,2027-02-09
1001,make nothing,9055.76,2885.79,2027-02-26
1002,have ten,8926.13,1969.61,2026-08-31
1003,southern option thank,1865.01,750.0,2027-03-21
1003,hotel catch analysis business,3133.18,1963.51,2027-04-06
1004,industry list natural,1352.48,489.15,2027-01-27
1004,whole pretty ten,8911.17,5029.78,2027-03-28
1005,deal even listen,6619.4,5500.29,2027-01-23
1005,sort relationship center,8146.44,6254.5,2027-04-04
1006,voice bill mother culture,1742.16,1426.92,2026-12-16
1006,choice professional pick,1966.98,1477.34,2027-03-04
1007,choice alone,2859.3,1603.51,2027-09-18
1008,against check direction word,1331.93,307.7,2027-05-31
1008,outside low six main,9577.01,6636.02,2027-01-08
1008,father news instead,1704.13,1333.87,2026-07-15
1009,ball toward response,3226.22,2976.14,2027-04-04
1009,describe there,9030.29,6646.72,2026-11-28
1010,often sure,7119.66,4425.87,2027-09-18
1010,Democrat this standard friend,8455.69,1235.09,2026-09-28
1011,often season,2014.47,1559.47,2027-03-28
1012,since parent back south,6949.07,6195.09,2027-08-18
1012,through artist tree,2003.4,806.29,2027-08-20
1012,sister thought respond sit,2986.64,2000.76,2027-05-21
1013,age stuff meeting seven,8030.69,4281.77,2027-12-20
1013,hair south especially film,2285.38,1731.46,2027-03-28
1013,eat forget,9164.93,8116.32,2027-05-26
1014,economic experience style,2213.23,479.19,2027-05-05
1014,seat today other,3991.17,3932.85,2027-01-14
1015,sort forget,9263.67,3260.52,2026-11-11
1016,maintain speech public,8584.28,7226.58,2026-08-10
1017,also ten recognize development,5116.95,2519.62,2026-06-12
1017,court agree environment visit,4956.51,1350.57,2026-06-15
1017,act home prove,5442.59,243.32,2027-02-16
1018,he the,7708.26,6386.74,2027-01-17
1018,last wrong,5265.95,696.17,2026-10-01
1018,budget worker onto,8082.51,5587.5,2027-05-10
1019,down actually whom,8542.75,8474.6,2027-10-11
1019,put specific,8733.14,4757.22,2026-06-20
1019,range wear,7214.8,420.27,2026-09-22
1020,her grow student,9612.62,6675.93,2026-12-07
1020,force begin light,2791.26,92.45,2026-11-24
1020,town turn not despite,4213.95,2544.73,2026-08-05
1021,answer first television ever,4241.87,236.66,2026-09-29
1021,agree couple study answer,3286.11,3003.91,2026-10-10
1022,then more thing,6224.07,4180.47,2027-01-18
1023,bit recently care as,5259.83,4596.83,2027-02-18
1024,smile more ok low,8399.02,5974.91,2026-12-28
1024,return they skill peace,1345.97,1281.34,2027-03-01
1024,prepare body,4977.63,579.2,2027-11-29
1025,wrong data,8592.33,7970.8,2026-12-03
1025,federal few art,7788.5,50.2,2026-09-02
1025,kitchen economy law throw,7100.83,986.17,2026-10-01
1026,style rich,5685.92,3533.91,2027-10-17
1027,less media I,7573.06,3721.04,2027-03-11
1028,that those hear military,4989.65,3614.17,2027-09-24
1029,energy member,3070.27,2910.68,2027-02-15
1030,Republican story state,4839.77,4699.06,2026-07-18
1030,black design including,6114.82,132.89,2027-11-13
1030,institution education,5594.25,876.29,2027-12-05
1031,western say whom along,4861.52,3088.04,2026-09-13
1031,agree soon suddenly upon,2463.65,1924.01,2026-08-22
1032,assume end,2371.81,1199.04,2026-07-20
1033,appear performance leave,1789.83,32.36,2027-07-15
1034,stand audience be think,2922.06,1725.75,2027-06-21
1035,book certain,3295.57,3161.01,2026-07-29
1035,rest executive to call,7543.19,5742.34,2026-08-06
1035,material leave school,3471.27,1680.94,2027-01-11
1036,interview at herself both,2775.18,2112.54,2026-09-13
1036,billion college,8105.35,164.95,2027-06-01
1037,fill middle,9616.53,7579.14,2026-09-18
1037,radio though,8700.46,4781.86,2027-01-13
1037,senior benefit,6936.31,3506.02,2027-11-24
1038,city old inside,7268.52,6248.43,2027-03-14
1038,direction put usually,8387.16,1116.92,2026-06-06
1038,rule inside,4406.23,2468.59,2027-04-01
1039,defense financial,2213.75,1302.93,2026-09-19
1039,me address,7190.74,2156.34,2026-10-04
1040,evening people thought,1614.99,1159.32,2026-08-03
1040,group size,4676.03,817.2,2026-06-15
1040,make sister,6006.22,3415.2,2027-02-14
1041,service result,8397.2,582.28,2027-04-20
1041,cost reach money,2410.11,144.5,2027-09-07
1041,nation ok,6435.3,2299.94,2027-09-02
1042,return carry,8482.67,4174.58,2027-02-07
1043,address camera relate,6616.05,5430.17,2026-08-03
1044,manager religious southern hard,6216.89,1722.06,2027-04-01
1044,arm team available dinner,6836.01,5051.55,2027-06-02
1044,memory someone,7287.49,3013.18,2027-11-17
1045,community great me,5196.88,1879.86,2026-11-03
1046,particular program,4226.02,4033.77,2026-07-12
1046,suddenly war big stop,1811.13,629.89,2027-04-07
1047,special business piece fly,7030.21,4160.58,2027-08-13
1047,by management identify,3865.47,739.57,2027-05-25
1048,role fly,5912.38,5175.68,2026-12-13
1049,note get,5012.93,2689.37,2026-08-28
1049,suddenly dream attack town,7443.25,4231.63,2027-04-11
1049,financial along leg,1923.23,1321.23,2026-07-24
1050,challenge window despite,2283.57,1996.89,2026-08-11
1051,wind wife institution fine,6253.21,5692.01,2027-07-20
1052,expert record into head,8833.32,2970.74,2026-10-13
1053,indicate high light enough,4908.12,3921.91,2027-07-03
1054,today star program,7403.51,4547.49,2027-05-04
1054,citizen miss left,2478.37,757.83,2026-11-16
1055,always example,5735.14,5654.34,2026-08-30
1055,low bit,8015.58,5092.54,2027-03-18
1055,letter likely go experience,9803.46,227.54,2027-07-26
1056,from race address,9903.29,8026.14,2026-08-09
1056,candidate administration,3846.64,2148.74,2027-07-10
1057,it develop above,6481.63,5052.09,2027-12-01
1058,old attorney effort,2897.14,1145.78,2027-08-03
1059,edge foreign less drive,2926.98,1582.87,2026-12-19
1059,truth wish window project,7017.08,726.15,2027-04-28
1059,central citizen civil six,7812.52,5400.37,2027-11-06
1060,politics soldier TV,8195.94,1322.8,2026-06-04
1060,claim season father relate,2925.29,427.88,2027-02-15
1060,her citizen Republican,9182.39,3737.78,2026-11-23
1061,century huge voice,4874.79,547.34,2027-02-10
1061,important whatever,1835.48,1463.42,2026-08-17
1061,process else,3884.84,3190.77,2027-02-12
1062,market program town need,3583.08,2825.31,2026-09-09
1062,cover try kitchen environmental,7040.02,5454.62,2027-04-21
1063,see agree strategy him,7321.29,5929.25,2027-11-08
1063,capital party every,3177.84,2605.43,2027-09-10
1063,list perhaps media arm,9678.02,7047.38,2026-12-16
1064,stock most,1956.75,104.11,2027-04-12
1064,easy official,1154.05,247.7,2026-08-24
1064,the state into,3346.67,1874.78,2026-09-05
1065,church without attention stay,7332.86,2515.64,2027-10-29
1065,attention with box,3671.96,1458.71,2026-07-14
1065,center administration general model,6811.38,39.37,2026-09-09
1066,another could throw sense,3381.98,2222.79,2027-07-16
1067,career course his be,5846.57,3189.6,2027-10-31
1068,across without,5565.27,3934.62,2026-12-01
1069,now democratic ok,7745.42,334.87,2027-01-14
1069,film prepare,9115.05,2726.01,2027-05-31
1070,performance remember could campaign,7742.12,2880.47,2027-10-30
1070,recent across budget adult,7861.6,5954.23,2027-09-26
1071,me fund environment single,9684.48,3929.69,2026-07-11
1072,subject Mrs worry stock,8182.79,6480.4,2026-06-04
1072,their both,7345.74,4777.67,2027-05-07
1073,family discuss outside hand,1239.75,246.92,2027-03-18
1073,defense that,3841.92,2090.13,2027-09-11
1073,future address listen card,6085.55,2526.58,2027-04-23
1074,than question then,3813.94,2041.95,2027-07-24
1074,carry door,6691.4,5559.16,2026-12-05
1075,same according safe science,6335.4,359.92,2027-03-16
1075,save too various,1142.94,748.23,2027-09-02
1075,positive continue,4949.14,2673.17,2026-07-22
1076,without personal,9543.8,7487.29,2027-09-01
1076,positive night the agent,3757.36,1145.02,2027-06-25
1076,instead great just,7405.02,6562.36,2027-12-31
